variant,impl,mode,rounds,key_bits,sbox_gates,cycles_per_byte,cycles_per_byte_min,mb_per_sec,ns_per_op
cipher-D-lin444-1-15-13,neon,throughput,8,576,1107,234.7397,234.0950,4.26,1877.9579
cipher-D-lin444-1-15-13,neon-bs,throughput,8,576,1107,195.0657,194.9303,5.13,1560.5306
cipher-D-lin444-1-15-13,bitslice,throughput,8,576,1107,485.9527,485.5363,2.06,3887.6627
cipher-D-lin444-1-15-13,bitslice-bs,throughput,8,576,1107,450.3223,450.0661,2.22,3602.5885
cipher-D-lin444-1-15-13,table-x16,throughput,8,576,0,51.0415,50.7516,19.59,408.3373
cipher-D-lin444-1-15-13,table-x8,throughput,8,576,0,52.6767,52.4033,18.98,421.4087
cipher-D-lin444-1-15-13,table-x4,throughput,8,576,0,55.1085,54.8937,18.15,440.8684
cipher-D-lin444-1-15-13,table-x2,throughput,8,576,0,48.6364,48.4247,20.56,389.0913
cipher-D-lin444-1-15-13,table,throughput,8,576,0,47.7565,47.5181,20.94,382.0520
cipher-D-lin444-1-15-13,table-dec,throughput,8,576,0,66.3382,66.2975,15.07,530.7103
cipher-D-lin444-1-15-13,table,latency,8,576,0,47.5251,47.1341,21.04,380.2007
cipher-D-lin444-1-15-13,-,keyschedule,8,576,0,219.9120,219.8910,4.55,219.9120
cipher-D-lin444-1-15-13,-,ctxinit,8,576,0,209693.4800,209337.2400,0.00,209693.4800
cipher-D-lin444-1-15-13,ref,throughput,8,576,0,768.2556,767.9702,1.30,6146.0656
cipher-D-lin444-1-15-13,ref,latency,8,576,0,768.1813,767.8926,1.30,6145.4755
cipher-D-lin444-297-aes-r5,neon,throughput,5,384,132,56.4799,56.2523,17.70,451.9054
cipher-D-lin444-297-aes-r5,neon-bs,throughput,5,384,132,21.8584,21.8521,45.75,174.8774
cipher-D-lin444-297-aes-r5,bitslice,throughput,5,384,132,63.7614,63.6628,15.68,510.1317
cipher-D-lin444-297-aes-r5,bitslice-bs,throughput,5,384,132,30.7726,30.6072,32.50,246.1803
cipher-D-lin444-297-aes-r5,table-x16,throughput,5,384,0,32.6786,32.4726,30.60,261.4338
cipher-D-lin444-297-aes-r5,table-x8,throughput,5,384,0,33.9221,33.7073,29.48,271.3772
cipher-D-lin444-297-aes-r5,table-x4,throughput,5,384,0,35.7436,35.4874,27.98,285.9490
cipher-D-lin444-297-aes-r5,table-x2,throughput,5,384,0,31.8120,31.6766,31.43,254.4962
cipher-D-lin444-297-aes-r5,table,throughput,5,384,0,31.6226,31.4013,31.62,252.9805
cipher-D-lin444-297-aes-r5,table-dec,throughput,5,384,0,42.8738,42.6659,23.32,342.9904
cipher-D-lin444-297-aes-r5,table,latency,5,384,0,31.3740,31.0389,31.87,250.9918
cipher-D-lin444-297-aes-r5,-,keyschedule,5,384,0,157.4135,157.3925,6.35,157.4135
cipher-D-lin444-297-aes-r5,-,ctxinit,5,384,0,207368.5350,207065.2050,0.00,207368.5350
cipher-D-lin444-297-aes-r5,ref,throughput,5,384,0,482.0860,481.8705,2.07,3856.6932
cipher-D-lin444-297-aes-r5,ref,latency,5,384,0,482.0669,481.8667,2.07,3856.5355
cipher-D-lin444-297-aes,neon,throughput,8,576,132,69.5494,69.4331,14.38,556.4413
cipher-D-lin444-297-aes,neon-bs,throughput,8,576,132,34.5827,34.4110,28.92,276.6669
cipher-D-lin444-297-aes,bitslice,throughput,8,576,132,81.5426,81.4224,12.26,652.4324
cipher-D-lin444-297-aes,bitslice-bs,throughput,8,576,132,48.3223,48.1494,20.69,386.5839
cipher-D-lin444-297-aes,table-x16,throughput,8,576,0,51.2094,50.9722,19.53,409.6750
cipher-D-lin444-297-aes,table-x8,throughput,8,576,0,52.9514,52.7053,18.89,423.6110
cipher-D-lin444-297-aes,table-x4,throughput,8,576,0,55.4252,55.2758,18.04,443.4012
cipher-D-lin444-297-aes,table-x2,throughput,8,576,0,48.9448,48.7000,20.43,391.5631
cipher-D-lin444-297-aes,table,throughput,8,576,0,48.0706,47.8487,20.80,384.5697
cipher-D-lin444-297-aes,table-dec,throughput,8,576,0,66.3286,66.3057,15.08,530.6290
cipher-D-lin444-297-aes,table,latency,8,576,0,47.7819,47.4462,20.93,382.2555
cipher-D-lin444-297-aes,-,keyschedule,8,576,0,219.9120,219.8915,4.55,219.9120
cipher-D-lin444-297-aes,-,ctxinit,8,576,0,210239.3100,209833.0750,0.00,210239.3150
cipher-D-lin444-297-aes,ref,throughput,8,576,0,768.5392,767.9372,1.30,6148.3087
cipher-D-lin444-297-aes,ref,latency,8,576,0,768.0058,767.6422,1.30,6144.0518
cipher-D-lin444-297-r5,neon,throughput,5,384,1107,159.3024,158.6666,6.28,1274.4750
cipher-D-lin444-297-r5,neon-bs,throughput,5,384,1107,121.7131,121.6724,8.22,973.7100
cipher-D-lin444-297-r5,bitslice,throughput,5,384,1107,315.5543,315.3153,3.17,2524.4803
cipher-D-lin444-297-r5,bitslice-bs,throughput,5,384,1107,280.8902,280.5895,3.56,2247.1218
cipher-D-lin444-297-r5,table-x16,throughput,5,384,0,32.7047,32.4815,30.58,261.6423
cipher-D-lin444-297-r5,table-x8,throughput,5,384,0,33.9667,33.7492,29.44,271.7333
cipher-D-lin444-297-r5,table-x4,throughput,5,384,0,35.7068,35.5065,28.01,285.6592
cipher-D-lin444-297-r5,table-x2,throughput,5,384,0,31.9042,31.6855,31.34,255.2338
cipher-D-lin444-297-r5,table,throughput,5,384,0,31.6423,31.4268,31.60,253.1382
cipher-D-lin444-297-r5,table-dec,throughput,5,384,0,42.8611,42.6659,23.33,342.8887
cipher-D-lin444-297-r5,table,latency,5,384,0,31.3714,31.0332,31.88,250.9664
cipher-D-lin444-297-r5,-,keyschedule,5,384,0,157.3930,157.3925,6.35,157.4135
cipher-D-lin444-297-r5,-,ctxinit,5,384,0,207002.3050,206725.6400,0.00,207002.3050
cipher-D-lin444-297-r5,ref,throughput,5,384,0,482.1617,481.8979,2.07,3857.2886
cipher-D-lin444-297-r5,ref,latency,5,384,0,481.9761,481.7586,2.07,3855.8085
cipher-D-lin444-297,neon,throughput,8,576,1107,233.5228,232.1635,4.28,1868.2283
cipher-D-lin444-297,neon-bs,throughput,8,576,1107,194.1699,194.1032,5.15,1553.3644
cipher-D-lin444-297,bitslice,throughput,8,576,1107,484.1072,483.6310,2.07,3872.9031
cipher-D-lin444-297,bitslice-bs,throughput,8,576,1107,448.5015,448.2974,2.23,3588.0120
cipher-D-lin444-297,table-x16,throughput,8,576,0,51.1668,50.9188,19.54,409.3394
cipher-D-lin444-297,table-x8,throughput,8,576,0,52.9177,52.6729,18.90,423.3466
cipher-D-lin444-297,table-x4,throughput,8,576,0,55.4042,55.3158,18.05,443.2334
cipher-D-lin444-297,table-x2,throughput,8,576,0,48.8850,48.6555,20.46,391.0800
cipher-D-lin444-297,table,throughput,8,576,0,48.0426,47.8341,20.81,384.3408
cipher-D-lin444-297,table-dec,throughput,8,576,0,66.3210,66.3013,15.08,530.5679
cipher-D-lin444-297,table,latency,8,576,0,47.7457,47.6173,20.94,381.9707
cipher-D-lin444-297,-,keyschedule,8,576,0,219.9120,219.8910,4.55,219.9120
cipher-D-lin444-297,-,ctxinit,8,576,0,209888.9150,209762.4600,0.00,209889.1300
cipher-D-lin444-297,ref,throughput,8,576,0,768.2850,767.8361,1.30,6146.3002
cipher-D-lin444-297,ref,latency,8,576,0,767.9487,767.6352,1.30,6143.5690
cipher-D,neon,throughput,8,576,1107,224.8439,224.3754,4.45,1798.7566
cipher-D,neon-bs,throughput,8,576,1107,183.6034,183.5309,5.45,1468.8325
cipher-D,bitslice,throughput,8,576,1107,466.8397,466.4722,2.14,3734.7224
cipher-D,bitslice-bs,throughput,8,576,1107,429.6605,429.5619,2.33,3437.2888
cipher-D,table-x16,throughput,8,576,0,51.1859,50.9481,19.54,409.4869
cipher-D,table-x8,throughput,8,576,0,52.9247,52.6996,18.89,423.4026
cipher-D,table-x4,throughput,8,576,0,55.4264,55.1982,18.04,443.4166
cipher-D,table-x2,throughput,8,576,0,48.9416,48.7292,20.43,391.5326
cipher-D,table,throughput,8,576,0,48.0979,47.8570,20.79,384.7833
cipher-D,table-dec,throughput,8,576,0,66.3267,66.3038,15.08,530.6138
cipher-D,table,latency,8,576,0,47.7921,47.4609,20.92,382.3369
cipher-D,-,keyschedule,8,576,0,219.9120,219.8910,4.55,219.9125
cipher-D,-,ctxinit,8,576,0,204247.7900,204113.4200,0.00,204248.2050
cipher-D,ref,throughput,8,576,0,768.3461,767.9086,1.30,6146.7684
cipher-D,ref,latency,8,576,0,767.9811,767.6340,1.30,6143.8490
present-128,neon,throughput,31,128,15,80.5871,79.8820,12.41,644.7371
present-128,neon-bs,throughput,31,128,15,43.0709,42.8681,23.22,344.5670
present-128,bitslice,throughput,31,128,15,95.6402,95.3763,10.46,765.1265
present-128,bitslice-bs,throughput,31,128,15,62.5515,62.5445,15.99,500.4172
present-128,table-x16,throughput,31,128,0,192.3516,192.2378,5.20,1538.8181
present-128,table-x8,throughput,31,128,0,197.9693,197.7964,5.05,1583.7595
present-128,table-x4,throughput,31,128,0,205.6418,205.5515,4.86,1645.1342
present-128,table-x2,throughput,31,128,0,178.7309,178.4429,5.59,1429.8522
present-128,table,throughput,31,128,0,173.2607,172.9918,5.77,1386.0908
present-128,table-dec,throughput,31,128,0,246.6667,246.5726,4.05,1973.3391
present-128,table,latency,31,128,0,172.6351,172.4984,5.79,1381.0861
present-128,-,keyschedule,31,128,0,672.0700,672.0490,1.49,672.0910
present-128,-,ctxinit,31,128,0,220075.1950,219995.8200,0.00,220075.4000
present-128,ref,throughput,31,128,0,3525.9059,3525.2345,0.28,28207.2473
present-128,ref,latency,31,128,0,3525.3078,3524.3865,0.28,28202.4879
present-80-identity-p,neon,throughput,31,80,15,77.5385,77.1927,12.90,620.3082
present-80-identity-p,neon-bs,throughput,31,80,15,43.1281,42.9297,23.19,345.0300
present-80-identity-p,bitslice,throughput,31,80,15,95.7470,95.4469,10.44,765.9811
present-80-identity-p,bitslice-bs,throughput,31,80,15,62.5598,62.5502,15.98,500.4885
present-80-identity-p,table-x16,throughput,31,80,0,192.3790,192.1685,5.20,1539.0319
present-80-identity-p,table-x8,throughput,31,80,0,197.9502,197.7608,5.05,1583.6021
present-80-identity-p,table-x4,throughput,31,80,0,205.8281,205.5611,4.86,1646.6194
present-80-identity-p,table-x2,throughput,31,80,0,178.8377,178.4690,5.59,1430.7018
present-80-identity-p,table,throughput,31,80,0,173.3491,173.0598,5.77,1386.7776
present-80-identity-p,table-dec,throughput,31,80,0,246.6452,246.5498,4.05,1973.1664
present-80-identity-p,table,latency,31,80,0,172.9842,172.7413,5.78,1383.8735
present-80-identity-p,-,keyschedule,31,80,0,772.6725,772.6515,1.29,772.6720
present-80-identity-p,-,ctxinit,31,80,0,219878.9650,219845.2200,0.00,219879.1700
present-80-identity-p,ref,throughput,31,80,0,3525.7530,3524.4713,0.28,28206.0243
present-80-identity-p,ref,latency,31,80,0,3525.4180,3523.8421,0.28,28203.3445
present-80-lin444-013-r16,neon,throughput,16,80,15,74.7990,74.6127,13.37,598.4327
present-80-lin444-013-r16,neon-bs,throughput,16,80,15,40.6276,40.4515,24.61,325.0210
present-80-lin444-013-r16,bitslice,throughput,16,80,15,102.6852,102.5008,9.74,821.5271
present-80-lin444-013-r16,bitslice-bs,throughput,16,80,15,69.9195,69.9004,14.30,559.3660
present-80-lin444-013-r16,table-x16,throughput,16,80,0,100.2800,100.0359,9.97,802.2455
present-80-lin444-013-r16,table-x8,throughput,16,80,0,103.2294,103.0120,9.69,825.8351
present-80-lin444-013-r16,table-x4,throughput,16,80,0,107.5297,107.3225,9.30,860.2430
present-80-lin444-013-r16,table-x2,throughput,16,80,0,93.9529,93.7450,10.64,751.6228
present-80-lin444-013-r16,table,throughput,16,80,0,91.4556,91.2368,10.93,731.6444
present-80-lin444-013-r16,table-dec,throughput,16,80,0,129.0652,129.0054,7.75,1032.5215
present-80-lin444-013-r16,table,latency,16,80,0,91.0283,90.8827,10.99,728.2266
present-80-lin444-013-r16,-,keyschedule,16,80,0,460.1785,460.1575,2.17,460.1785
present-80-lin444-013-r16,-,ctxinit,16,80,0,210968.9550,210853.1200,0.00,210968.9550
present-80-lin444-013-r16,ref,throughput,16,80,0,1822.4089,1821.8850,0.55,14579.2765
present-80-lin444-013-r16,ref,latency,16,80,0,1822.1273,1821.8158,0.55,14577.0183
present-80-lin444-013,neon,throughput,31,80,15,112.3851,112.0634,8.90,899.1116
present-80-lin444-013,neon-bs,throughput,31,80,15,77.6078,77.5824,12.89,620.8577
present-80-lin444-013,bitslice,throughput,31,80,15,167.1567,166.8319,5.98,1337.2996
present-80-lin444-013,bitslice-bs,throughput,31,80,15,134.0655,134.0064,7.46,1072.5293
present-80-lin444-013,table-x16,throughput,31,80,0,192.3466,192.2290,5.20,1538.7778
present-80-lin444-013,table-x8,throughput,31,80,0,197.9884,197.8314,5.05,1583.9023
present-80-lin444-013,table-x4,throughput,31,80,0,205.7900,205.6158,4.86,1646.3247
present-80-lin444-013,table-x2,throughput,31,80,0,178.7405,178.5822,5.59,1429.9237
present-80-lin444-013,table,throughput,31,80,0,173.3129,173.0351,5.77,1386.5033
present-80-lin444-013,table-dec,throughput,31,80,0,246.8175,246.5587,4.05,1974.5450
present-80-lin444-013,table,latency,31,80,0,172.7095,172.5474,5.79,1381.6764
present-80-lin444-013,-,keyschedule,31,80,0,772.6725,772.6510,1.29,772.6725
present-80-lin444-013,-,ctxinit,31,80,0,225747.4250,225624.7150,0.00,225747.6300
present-80-lin444-013,ref,throughput,31,80,0,3525.9176,3524.4038,0.28,28207.3612
present-80-lin444-013,ref,latency,31,80,0,3525.1840,3523.9398,0.28,28201.4774
present-80-lin444-1-15-13,neon,throughput,31,80,15,120.4467,120.2865,8.30,963.6194
present-80-lin444-1-15-13,neon-bs,throughput,31,80,15,85.7584,85.7209,11.66,686.0675
present-80-lin444-1-15-13,bitslice,throughput,31,80,15,180.9434,180.7889,5.53,1447.5881
present-80-lin444-1-15-13,bitslice-bs,throughput,31,80,15,147.7257,147.6583,6.77,1181.8107
present-80-lin444-1-15-13,table-x16,throughput,31,80,0,192.8501,192.5361,5.19,1542.8011
present-80-lin444-1-15-13,table-x8,throughput,31,80,0,198.4684,198.2936,5.04,1587.7476
present-80-lin444-1-15-13,table-x4,throughput,31,80,0,206.5218,206.3539,4.84,1652.1842
present-80-lin444-1-15-13,table-x2,throughput,31,80,0,179.7876,179.6242,5.56,1438.3059
present-80-lin444-1-15-13,table,throughput,31,80,0,174.5101,174.1903,5.73,1396.0806
present-80-lin444-1-15-13,table-dec,throughput,31,80,0,246.7145,246.5613,4.05,1973.7162
present-80-lin444-1-15-13,table,latency,31,80,0,173.7185,173.5075,5.76,1389.7534
present-80-lin444-1-15-13,-,keyschedule,31,80,0,772.6725,772.6515,1.29,772.6725
present-80-lin444-1-15-13,-,ctxinit,31,80,0,225525.7850,225455.1600,0.00,225526.8250
present-80-lin444-1-15-13,ref,throughput,31,80,0,3525.1613,3524.0194,0.28,28201.2904
present-80-lin444-1-15-13,ref,latency,31,80,0,3525.4768,3523.9840,0.28,28203.8856
present-80-lin444-213,neon,throughput,31,80,15,116.9589,116.7440,8.55,935.7218
present-80-lin444-213,neon-bs,throughput,31,80,15,82.4435,82.4048,12.13,659.5533
present-80-lin444-213,bitslice,throughput,31,80,15,176.0684,175.7518,5.68,1408.5875
present-80-lin444-213,bitslice-bs,throughput,31,80,15,143.1901,143.0274,6.98,1145.5261
present-80-lin444-213,table-x16,throughput,31,80,0,192.7001,192.5412,5.19,1541.6061
present-80-lin444-213,table-x8,throughput,31,80,0,198.5460,198.2892,5.04,1588.3632
present-80-lin444-213,table-x4,throughput,31,80,0,206.6108,206.3813,4.84,1652.8862
present-80-lin444-213,table-x2,throughput,31,80,0,179.7654,179.4487,5.56,1438.1279
present-80-lin444-213,table,throughput,31,80,0,174.5273,174.2723,5.73,1396.2231
present-80-lin444-213,table-dec,throughput,31,80,0,246.6472,246.5562,4.05,1973.1824
present-80-lin444-213,table,latency,31,80,0,173.7885,173.4401,5.75,1390.3080
present-80-lin444-213,-,keyschedule,31,80,0,772.9220,772.6515,1.29,772.9225
present-80-lin444-213,-,ctxinit,31,80,0,225469.3450,225417.4750,0.00,225469.5550
present-80-lin444-213,ref,throughput,31,80,0,3525.3715,3524.5545,0.28,28202.9974
present-80-lin444-213,ref,latency,31,80,0,3524.9144,3524.1178,0.28,28199.3154
present-80-lin444-297-r18,neon,throughput,18,80,15,82.7385,82.5415,12.09,661.9541
present-80-lin444-297-r18,neon-bs,throughput,18,80,15,48.3535,48.1501,20.68,386.8281
present-80-lin444-297-r18,bitslice,throughput,18,80,15,115.3072,115.0738,8.67,922.5031
present-80-lin444-297-r18,bitslice-bs,throughput,18,80,15,82.1931,82.1778,12.17,657.5494
present-80-lin444-297-r18,table-x16,throughput,18,80,0,112.8105,112.5912,8.86,902.4890
present-80-lin444-297-r18,table-x8,throughput,18,80,0,116.3683,116.0860,8.59,930.9512
present-80-lin444-297-r18,table-x4,throughput,18,80,0,121.2001,121.1486,8.25,969.6060
present-80-lin444-297-r18,table-x2,throughput,18,80,0,105.8418,105.5951,9.45,846.7345
present-80-lin444-297-r18,table,throughput,18,80,0,103.0622,102.8200,9.70,824.4824
present-80-lin444-297-r18,table-dec,throughput,18,80,0,144.8317,144.6397,6.90,1158.6587
present-80-lin444-297-r18,table,latency,18,80,0,102.5345,102.2809,9.75,820.2762
present-80-lin444-297-r18,-,keyschedule,18,80,0,501.8445,501.8235,1.99,501.8445
present-80-lin444-297-r18,-,ctxinit,18,80,0,212933.9850,212850.8600,0.00,212935.0250
present-80-lin444-297-r18,ref,throughput,18,80,0,2050.0236,2048.9917,0.49,16400.1991
present-80-lin444-297-r18,ref,latency,18,80,0,2049.1711,2048.6796,0.49,16393.3738
present-80-lin444-297-r6,neon,throughput,6,80,15,50.6258,50.3568,19.75,405.0469
present-80-lin444-297-r6,neon-bs,throughput,6,80,15,16.6343,16.6324,60.12,133.0743
present-80-lin444-297-r6,bitslice,throughput,6,80,15,61.0054,60.9303,16.39,488.0735
present-80-lin444-297-r6,bitslice-bs,throughput,6,80,15,28.2676,28.2155,35.38,226.1411
present-80-lin444-297-r6,table-x16,throughput,6,80,0,38.8996,38.6835,25.71,311.1868
present-80-lin444-297-r6,table-x8,throughput,6,80,0,40.2614,40.0516,24.84,322.0916
present-80-lin444-297-r6,table-x4,throughput,6,80,0,42.2870,42.0607,23.65,338.3011
present-80-lin444-297-r6,table-x2,throughput,6,80,0,37.5906,37.3731,26.60,300.7297
present-80-lin444-297-r6,table,throughput,6,80,0,37.1404,36.8919,26.92,297.1235
present-80-lin444-297-r6,table-dec,throughput,6,80,0,50.6862,50.4910,19.73,405.4893
present-80-lin444-297-r6,table,latency,6,80,0,36.7997,36.4939,27.17,294.3973
present-80-lin444-297-r6,-,keyschedule,6,80,0,251.8490,251.8285,3.97,251.8495
present-80-lin444-297-r6,-,ctxinit,6,80,0,201116.0950,201009.6400,0.00,201116.1000
present-80-lin444-297-r6,ref,throughput,6,80,0,687.8936,687.5324,1.45,5503.1841
present-80-lin444-297-r6,ref,latency,6,80,0,687.3741,687.1770,1.45,5498.9932
present-80-lin444-297-r7,neon,throughput,7,80,15,53.2649,52.9832,18.77,426.1647
present-80-lin444-297-r7,neon-bs,throughput,7,80,15,19.2518,19.2511,51.94,154.0192
present-80-lin444-297-r7,bitslice,throughput,7,80,15,65.4787,65.3890,15.27,523.8699
present-80-lin444-297-r7,bitslice-bs,throughput,7,80,15,32.8566,32.6900,30.43,262.8580
present-80-lin444-297-r7,table-x16,throughput,7,80,0,45.0634,44.7900,22.19,360.5125
present-80-lin444-297-r7,table-x8,throughput,7,80,0,46.6344,46.3896,21.44,373.0753
present-80-lin444-297-r7,table-x4,throughput,7,80,0,48.8640,48.6447,20.46,390.9175
present-80-lin444-297-r7,table-x2,throughput,7,80,0,43.3150,43.0588,23.09,346.5254
present-80-lin444-297-r7,table,throughput,7,80,0,42.6055,42.3983,23.47,340.8442
present-80-lin444-297-r7,table-dec,throughput,7,80,0,58.5138,58.4960,17.09,468.1154
present-80-lin444-297-r7,table,latency,7,80,0,42.3201,42.1897,23.63,338.5605
present-80-lin444-297-r7,-,keyschedule,7,80,0,272.6820,272.6610,3.67,272.6820
present-80-lin444-297-r7,-,ctxinit,7,80,0,202101.7100,202014.6250,0.00,202101.7100
present-80-lin444-297-r7,ref,throughput,7,80,0,801.3131,800.9266,1.25,6410.5051
present-80-lin444-297-r7,ref,latency,7,80,0,800.9845,800.8242,1.25,6407.8757
present-80-lin444-297-r8,neon,throughput,8,80,15,55.9205,55.6414,17.88,447.4095
present-80-lin444-297-r8,neon-bs,throughput,8,80,15,22.0727,21.8909,45.30,176.5865
present-80-lin444-297-r8,bitslice,throughput,8,80,15,69.9411,69.8807,14.30,559.5697
present-80-lin444-297-r8,bitslice-bs,throughput,8,80,15,37.3833,37.2059,26.75,299.0715
present-80-lin444-297-r8,table-x16,throughput,8,80,0,50.9882,50.7599,19.61,407.9054
present-80-lin444-297-r8,table-x8,throughput,8,80,0,52.6844,52.4409,18.98,421.4751
present-80-lin444-297-r8,table-x4,throughput,8,80,0,55.1010,54.8689,18.15,440.8077
present-80-lin444-297-r8,table-x2,throughput,8,80,0,48.6523,48.3980,20.55,389.2238
present-80-lin444-297-r8,table,throughput,8,80,0,47.7515,47.5175,20.94,382.0167
present-80-lin444-297-r8,table-dec,throughput,8,80,0,66.3617,66.3045,15.07,530.8989
present-80-lin444-297-r8,table,latency,8,80,0,47.5181,47.1824,21.04,380.1450
present-80-lin444-297-r8,-,keyschedule,8,80,0,293.5150,293.4945,3.41,293.5155
present-80-lin444-297-r8,-,ctxinit,8,80,0,203057.7400,202997.5300,0.00,203057.7350
present-80-lin444-297-r8,ref,throughput,8,80,0,914.5356,914.3582,1.09,7316.2698
present-80-lin444-297-r8,ref,latency,8,80,0,914.4269,914.1974,1.09,7315.4154
present-80-lin444-297,neon,throughput,31,80,15,117.3365,117.0377,8.52,938.7382
present-80-lin444-297,neon-bs,throughput,31,80,15,82.4811,82.3965,12.12,659.8485
present-80-lin444-297,bitslice,throughput,31,80,15,173.9818,173.6652,5.75,1391.8646
present-80-lin444-297,bitslice-bs,throughput,31,80,15,140.6693,140.5689,7.11,1125.3597
present-80-lin444-297,table-x16,throughput,31,80,0,192.3428,192.2577,5.20,1538.7479
present-80-lin444-297,table-x8,throughput,31,80,0,197.9186,197.7863,5.05,1583.3485
present-80-lin444-297,table-x4,throughput,31,80,0,205.7767,205.5764,4.86,1646.2186
present-80-lin444-297,table-x2,throughput,31,80,0,178.7361,178.6465,5.59,1429.8888
present-80-lin444-297,table,throughput,31,80,0,173.3168,173.1369,5.77,1386.5343
present-80-lin444-297,table-dec,throughput,31,80,0,246.6313,246.5442,4.05,1973.0555
present-80-lin444-297,table,latency,31,80,0,172.6461,172.4464,5.79,1381.1736
present-80-lin444-297,-,keyschedule,31,80,0,772.6725,772.6515,1.29,772.6730
present-80-lin444-297,-,ctxinit,31,80,0,225775.2250,225705.8500,0.00,225776.0600
present-80-lin444-297,ref,throughput,31,80,0,3526.3659,3524.2463,0.28,28210.9374
present-80-lin444-297,ref,latency,31,80,0,3525.1314,3524.2000,0.28,28201.0513
present-80-r16,neon,throughput,16,80,15,58.4661,58.2442,17.10,467.7745
present-80-r16,neon-bs,throughput,16,80,15,22.6538,22.6481,44.14,181.2302
present-80-r16,bitslice,throughput,16,80,15,65.7609,65.6395,15.21,526.0570
present-80-r16,bitslice-bs,throughput,16,80,15,33.0855,32.9018,30.22,264.6892
present-80-r16,table-x16,throughput,16,80,0,100.2267,100.0258,9.98,801.8136
present-80-r16,table-x8,throughput,16,80,0,103.2873,102.9987,9.68,826.3035
present-80-r16,table-x4,throughput,16,80,0,107.5451,107.2958,9.30,860.3555
present-80-r16,table-x2,throughput,16,80,0,93.9447,93.7228,10.64,751.5573
present-80-r16,table,throughput,16,80,0,91.4187,91.2407,10.94,731.3550
present-80-r16,table-dec,throughput,16,80,0,129.0672,128.9864,7.75,1032.5372
present-80-r16,table,latency,16,80,0,90.9642,90.7296,10.99,727.7184
present-80-r16,-,keyschedule,16,80,0,460.1785,460.1575,2.17,460.1785
present-80-r16,-,ctxinit,16,80,0,205348.3400,205246.8850,0.00,205348.5500
present-80-r16,ref,throughput,16,80,0,1822.6915,1822.1696,0.55,14581.5322
present-80-r16,ref,latency,16,80,0,1822.0959,1821.7913,0.55,14576.7720
present-80-randperm-p,neon,throughput,31,80,15,79.1782,78.6213,12.63,633.4718
present-80-randperm-p,neon-bs,throughput,31,80,15,43.0741,42.8700,23.22,344.5928
present-80-randperm-p,bitslice,throughput,31,80,15,95.7992,95.5544,10.44,766.3987
present-80-randperm-p,bitslice-bs,throughput,31,80,15,62.5732,62.5509,15.98,500.5957
present-80-randperm-p,table-x16,throughput,31,80,0,192.6379,192.5419,5.19,1541.1080
present-80-randperm-p,table-x8,throughput,31,80,0,198.4043,198.3077,5.04,1587.2345
present-80-randperm-p,table-x4,throughput,31,80,0,206.5606,206.3915,4.84,1652.4850
present-80-randperm-p,table-x2,throughput,31,80,0,179.7139,179.4641,5.56,1437.7369
present-80-randperm-p,table,throughput,31,80,0,174.4701,174.2177,5.73,1395.7455
present-80-randperm-p,table-dec,throughput,31,80,0,246.6307,246.5538,4.05,1973.0507
present-80-randperm-p,table,latency,31,80,0,173.7472,173.4738,5.76,1389.9829
present-80-randperm-p,-,keyschedule,31,80,0,772.6730,772.6515,1.29,772.6730
present-80-randperm-p,-,ctxinit,31,80,0,220159.3200,220081.1950,0.00,220159.5250
present-80-randperm-p,ref,throughput,31,80,0,3525.7662,3524.3218,0.28,28206.1497
present-80-randperm-p,ref,latency,31,80,0,3524.8724,3523.7293,0.28,28198.9896
present-80-rotate-p,neon,throughput,31,80,15,77.4471,77.2290,12.91,619.6171
present-80-rotate-p,neon-bs,throughput,31,80,15,43.1002,42.8872,23.20,344.7861
present-80-rotate-p,bitslice,throughput,31,80,15,95.5366,95.3529,10.47,764.2931
present-80-rotate-p,bitslice-bs,throughput,31,80,15,62.5916,62.5573,15.98,500.7128
present-80-rotate-p,table-x16,throughput,31,80,0,192.7205,192.5559,5.19,1541.7643
present-80-rotate-p,table-x8,throughput,31,80,0,198.5391,198.3268,5.04,1588.3129
present-80-rotate-p,table-x4,throughput,31,80,0,206.5956,206.3534,4.84,1652.7648
present-80-rotate-p,table-x2,throughput,31,80,0,179.7286,179.5506,5.56,1437.8286
present-80-rotate-p,table,throughput,31,80,0,174.4962,174.2622,5.73,1395.9745
present-80-rotate-p,table-dec,throughput,31,80,0,246.6199,246.5691,4.05,1972.9645
present-80-rotate-p,table,latency,31,80,0,173.7561,173.5762,5.76,1390.0543
present-80-rotate-p,-,keyschedule,31,80,0,772.6730,772.6515,1.29,772.6730
present-80-rotate-p,-,ctxinit,31,80,0,219872.0500,219811.2200,0.00,219872.2600
present-80-rotate-p,ref,throughput,31,80,0,3524.9934,3523.7289,0.28,28199.9470
present-80-rotate-p,ref,latency,31,80,0,3524.6769,3523.7219,0.28,28197.4252
present-80-sbox-opt1,neon,throughput,31,80,15,78.1216,77.5831,12.80,625.0084
present-80-sbox-opt1,neon-bs,throughput,31,80,15,40.1025,39.9124,24.94,320.8252
present-80-sbox-opt1,bitslice,throughput,31,80,15,97.9004,97.6913,10.21,783.2136
present-80-sbox-opt1,bitslice-bs,throughput,31,80,15,64.8613,64.8340,15.42,518.8958
present-80-sbox-opt1,table-x16,throughput,31,80,0,192.4198,192.2787,5.20,1539.3638
present-80-sbox-opt1,table-x8,throughput,31,80,0,197.8042,197.7279,5.06,1582.4386
present-80-sbox-opt1,table-x4,throughput,31,80,0,205.7691,205.5231,4.86,1646.1530
present-80-sbox-opt1,table-x2,throughput,31,80,0,178.7158,178.6745,5.60,1429.7316
present-80-sbox-opt1,table,throughput,31,80,0,173.2596,173.0702,5.77,1386.0769
present-80-sbox-opt1,table-dec,throughput,31,80,0,246.6447,246.5678,4.05,1973.1628
present-80-sbox-opt1,table,latency,31,80,0,172.6773,172.5240,5.79,1381.4231
present-80-sbox-opt1,-,keyschedule,31,80,0,772.6730,772.6515,1.29,772.6730
present-80-sbox-opt1,-,ctxinit,31,80,0,220307.8950,220238.7300,0.00,220308.1050
present-80-sbox-opt1,ref,throughput,31,80,0,3525.8373,3524.3433,0.28,28206.6985
present-80-sbox-opt1,ref,latency,31,80,0,3524.8195,3523.8259,0.28,28198.5614
present-80-sbox-opt2,neon,throughput,31,80,11,75.3624,75.0178,13.27,602.9039
present-80-sbox-opt2,neon-bs,throughput,31,80,11,37.8029,37.6103,26.45,302.4235
present-80-sbox-opt2,bitslice,throughput,31,80,11,94.1386,93.9339,10.62,753.1086
present-80-sbox-opt2,bitslice-bs,throughput,31,80,11,60.8471,60.8375,16.43,486.7767
present-80-sbox-opt2,table-x16,throughput,31,80,0,192.3671,192.2774,5.20,1538.9368
present-80-sbox-opt2,table-x8,throughput,31,80,0,197.9396,197.8042,5.05,1583.5221
present-80-sbox-opt2,table-x4,throughput,31,80,0,205.7590,205.5911,4.86,1646.0717
present-80-sbox-opt2,table-x2,throughput,31,80,0,178.7692,178.5556,5.59,1430.1538
present-80-sbox-opt2,table,throughput,31,80,0,173.3607,173.0505,5.77,1386.8857
present-80-sbox-opt2,table-dec,throughput,31,80,0,246.7064,246.5888,4.05,1973.6564
present-80-sbox-opt2,table,latency,31,80,0,172.7510,172.4770,5.79,1381.9929
present-80-sbox-opt2,-,keyschedule,31,80,0,772.6730,772.6520,1.29,772.6730
present-80-sbox-opt2,-,ctxinit,31,80,0,220292.0800,220227.7000,0.00,220292.4950
present-80-sbox-opt2,ref,throughput,31,80,0,3524.8744,3524.0956,0.28,28199.0052
present-80-sbox-opt2,ref,latency,31,80,0,3524.9120,3523.6831,0.28,28199.3013
present-80-sbox-weak1,neon,throughput,31,80,16,80.6221,79.9838,12.40,645.0175
present-80-sbox-weak1,neon-bs,throughput,31,80,16,43.0589,42.8630,23.22,344.4760
present-80-sbox-weak1,bitslice,throughput,31,80,16,106.8292,106.5075,9.36,854.6338
present-80-sbox-weak1,bitslice-bs,throughput,31,80,16,73.5116,73.4716,13.60,588.0931
present-80-sbox-weak1,table-x16,throughput,31,80,0,192.6144,192.5438,5.19,1540.9153
present-80-sbox-weak1,table-x8,throughput,31,80,0,198.4578,198.3122,5.04,1587.6572
present-80-sbox-weak1,table-x4,throughput,31,80,0,206.5569,206.3566,4.84,1652.4500
present-80-sbox-weak1,table-x2,throughput,31,80,0,179.6784,179.6142,5.57,1437.4220
present-80-sbox-weak1,table,throughput,31,80,0,174.4409,174.1516,5.73,1395.5323
present-80-sbox-weak1,table-dec,throughput,31,80,0,246.6117,246.5755,4.05,1972.8937
present-80-sbox-weak1,table,latency,31,80,0,173.7174,173.5877,5.76,1389.7391
present-80-sbox-weak1,-,keyschedule,31,80,0,772.6730,772.6520,1.29,772.6730
present-80-sbox-weak1,-,ctxinit,31,80,0,219550.4400,219498.5650,0.00,219550.4400
present-80-sbox-weak1,ref,throughput,31,80,0,3526.0248,3524.5307,0.28,28208.2188
present-80-sbox-weak1,ref,latency,31,80,0,3525.5582,3524.1380,0.28,28204.4706
present-80-sbox-weak2,neon,throughput,31,80,8,72.9242,72.5822,13.71,583.4037
present-80-sbox-weak2,neon-bs,throughput,31,80,8,34.7773,34.5828,28.75,278.2185
present-80-sbox-weak2,bitslice,throughput,31,80,8,87.3403,87.1159,11.45,698.7275
present-80-sbox-weak2,bitslice-bs,throughput,31,80,8,54.9382,54.7399,18.20,439.5110
present-80-sbox-weak2,table-x16,throughput,31,80,0,192.6678,192.5598,5.19,1541.3427
present-80-sbox-weak2,table-x8,throughput,31,80,0,198.6187,198.3993,5.03,1588.9594
present-80-sbox-weak2,table-x4,throughput,31,80,0,206.6809,206.3954,4.84,1653.4520
present-80-sbox-weak2,table-x2,throughput,31,80,0,179.9645,179.6333,5.56,1439.7161
present-80-sbox-weak2,table,throughput,31,80,0,174.5344,174.2337,5.73,1396.2800
present-80-sbox-weak2,table-dec,throughput,31,80,0,246.6785,246.5647,4.05,1973.4279
present-80-sbox-weak2,table,latency,31,80,0,173.7899,173.5871,5.75,1390.3242
present-80-sbox-weak2,-,keyschedule,31,80,0,772.9650,772.6520,1.29,772.9440
present-80-sbox-weak2,-,ctxinit,31,80,0,219965.6550,219867.1200,0.00,219966.4850
present-80-sbox-weak2,ref,throughput,31,80,0,3525.8305,3524.7122,0.28,28206.6439
present-80-sbox-weak2,ref,latency,31,80,0,3524.8509,3523.9449,0.28,28198.8326
present-80,neon,throughput,31,80,15,80.5725,79.8713,12.41,644.6210
present-80,neon-bs,throughput,31,80,15,43.0690,42.8694,23.22,344.5522
present-80,bitslice,throughput,31,80,15,95.6835,95.3777,10.45,765.4683
present-80,bitslice-bs,throughput,31,80,15,62.5700,62.5421,15.98,500.5654
present-80,table-x16,throughput,31,80,0,192.7098,192.5827,5.19,1541.6836
present-80,table-x8,throughput,31,80,0,198.5742,198.3338,5.04,1588.5984
present-80,table-x4,throughput,31,80,0,206.5575,206.3604,4.84,1652.4552
present-80,table-x2,throughput,31,80,0,179.8151,179.6326,5.56,1438.5260
present-80,table,throughput,31,80,0,174.4886,174.3945,5.73,1395.9141
present-80,table-dec,throughput,31,80,0,246.6861,246.5806,4.05,1973.4890
present-80,table,latency,31,80,0,173.8636,173.7015,5.75,1390.9093
present-80,-,keyschedule,31,80,0,772.6735,772.6520,1.29,772.6730
present-80,-,ctxinit,31,80,0,220275.0400,220065.2550,0.00,220275.0450
present-80,ref,throughput,31,80,0,3525.3380,3524.3208,0.28,28202.7091
present-80,ref,latency,31,80,0,3524.5193,3523.7379,0.28,28196.1591
